sii	CV
tshi	CV
le	CV
xo	CV
kthai	CCV
nghi	CV
ghe	CV
nha	CV
nrai	CCV
nghe	CV
mha	CV
tae	CV
li	CV
snaei	CCV
kse	CCV
zhae	CV
nii	CV
wae	CV
snhi	CCV
mre	CCV
zii	CV
za	CV
ghaei	CV
dhai	CV
nr*ae	CCV
se	CV
rii	CV
sna	CCV
nlii	CCV
smhe	CCV
go	CV
nr*aei	CCV
nlaei	CCV
nr*a	CCV
thwhae	CCV
mraei	CCV
sma	CCV
kxi	CCV
ktha	CCV
shaei	CV
mlo	CCV
ge	CV
ksi	CCV
nla	CCV
kii	CV
r*e	CV
ngi	CV
ki	CV
thwhe	CCV
nr*e	CCV
nro	CCV
mhaei	CV
la	CV
tshae	CV
lai	CV
sme	CCV
xa	CV
ghai	CV
mho	CV
smhii	CCV
mr*e	CCV
nhii	CV
mlii	CCV
kxaei	CCV
do	CV
she	CV
smii	CCV
mrai	CCV
zhe	CV
nr*i	CCV
shae	CV
gae	CV
sha	CV
nraei	CCV
nhae	CV
tshai	CV
mr*ii	CCV
rai	CV
saei	CV
smo	CCV
nli	CCV
smhae	CCV
tsa	CCV
ngha	CV
wo	CV
kso	CCV
nho	CV
thai	CV
xii	CV
ko	CV
ngai	CV
snhii	CCV
tse	CCV
nlo	CCV
kae	CV
sni	CCV
mai	CV
kaei	CV
mhii	CV
ngo	CV
nr*ai	CCV
tshe	CV
snhae	CCV
mra	CCV
ksae	CCV
whae	CV
thwhi	CCV
de	CV
whi	CV
the	CV
waei	CV
mla	CCV
sne	CCV
ghae	CV
mlai	CCV
nae	CV
kxe	CCV
mi	CV
tshii	CV
nrii	CCV
nhe	CV
sno	CCV
kthi	CCV
xi	CV
raei	CV
thae	CV
smaei	CCV
tsai	CCV
snhai	CCV
lo	CV
r*i	CV
tsha	CV
tsi	CCV
mrae	CCV
wii	CV
mhai	CV
zaei	CV
mle	CCV
zo	CV
dii	CV
shii	CV
thwhaei	CCV
dho	CV
thwhii	CCV
tha	CV
di	CV
gaei	CV
so	CV
ka	CV
ti	CV
maei	CV
taei	CV
dhi	CV
snii	CCV
lhi	CV
xe	CV
wa	CV
r*ae	CV
mr*i	CCV
ngho	CV
mlae	CCV
nghii	CV
ri	CV
mri	CCV
zai	CV
we	CV
zhii	CV
da	CV
dhe	CV
gi	CV
wi	CV
te	CV
snho	CCV
ngae	CV
lhaei	CV
mae	CV
r*aei	CV
ksa	CCV
ghi	CV
whii	CV
mli	CCV
shi	CV
tso	CCV
sae	CV
tho	CV
zho	CV
thwha	CCV
ktho	CCV
zhai	CV
thii	CV
snai	CCV
whai	CV
nga	CV
lae	CV
to	CV
zhaei	CV
nghai	CV
xaei	CV
ni	CV
kxae	CCV
mhae	CV
nre	CCV
smho	CCV
ksii	CCV
tsii	CCV
kai	CV
smha	CCV
nai	CV
mr*a	CCV
zha	CV
smhi	CCV
ta	CV
sai	CV
mrii	CCV
kthaei	CCV
smhaei	CCV
r*a	CV
nri	CCV
kxo	CCV
dae	CV
gii	CV
smhai	CCV
nhaei	CV
lha	CV
no	CV
wha	CV
who	CV
snhe	CCV
tii	CV
kxa	CCV
thwhai	CCV
thi	CV
mii	CV
nrae	CCV
nghaei	CV
mro	CCV
ma	CV
tsae	CCV
mo	CV
smae	CCV
ra	CV
shai	CV
lhe	CV
ke	CV
kxai	CCV
ne	CV
sho	CV
lii	CV
gai	CV
tsho	CV
snae	CCV
lhii	CV
nhi	CV
nlai	CCV
kthii	CCV
dai	CV
tai	CV
tshaei	CV
ngii	CV
nr*ii	CCV
si	CV
naei	CV
nghae	CV
nhai	CV
sa	CV
kxii	CCV
thwho	CCV
xae	CV
dhae	CV
laei	CV
mhi	CV
wai	CV
whaei	CV
ze	CV
thaei	CV
mr*ae	CCV
dhii	CV
nr*o	CCV
rae	CV
r*o	CV
smi	CCV
mr*ai	CCV
zhi	CV
ksai	CCV
dhaei	CV
mr*o	CCV
mlaei	CCV
gho	CV
re	CV
xai	CV
me	CV
lhae	CV
snha	CCV
ngaei	CV
dha	CV
ga	CV
na	CV
daei	CV
